year,rule,listed_and_selected,unlisted_selected,listed_missed,unlisted_not_selected,selected,listed,listed_recall,listed_precision_proxy,listed_f1_proxy
2019,r=0.5km;t=0min;n>=2,2941,118815,4373,66620,121756,7314,0.40210555099808587,0.024154867111271724,0.04557217014023398
2019,r=0.5km;t=0min;n>=3,1664,70937,5650,114498,72601,7314,0.227508887065901,0.0229197944931888,0.04164424701245073
2019,r=0.5km;t=0min;n>=5,317,18401,6997,167034,18718,7314,0.04334153677878042,0.016935570039534137,0.024354640442532268
2019,r=0.5km;t=10min;n>=2,3410,121948,3904,63487,125358,7314,0.4662291495761553,0.027202093205060705,0.051404968644476606
2019,r=0.5km;t=10min;n>=3,2023,73727,5291,111708,75750,7314,0.27659283565764287,0.026706270627062705,0.048709428874121156
2019,r=0.5km;t=10min;n>=5,463,20262,6851,165173,20725,7314,0.06330325403336068,0.022340168878166467,0.03302542886693534
2019,r=0.5km;t=30min;n>=2,4150,126105,3164,59330,130255,7314,0.5674049767569046,0.03186058116770949,0.060333359986624896
2019,r=0.5km;t=30min;n>=3,2530,77512,4784,107923,80042,7314,0.34591194968553457,0.03160840558706679,0.057923897614359635
2019,r=0.5km;t=30min;n>=5,654,22415,6660,163020,23069,7314,0.08941755537325677,0.028349733408470242,0.04305039002073528
2019,r=0.5km;t=60min;n>=2,4666,148288,2648,37147,152954,7314,0.6379546076018594,0.030505903735763694,0.058227468989442685
2019,r=0.5km;t=60min;n>=3,3671,116945,3643,68490,120616,7314,0.5019141372709871,0.030435431451880348,0.057390760572187914
2019,r=0.5km;t=60min;n>=5,1954,65681,5360,119754,67635,7314,0.2671588733934919,0.028890367413321506,0.05214212331051782
2019,r=0.5km;t=1440min;n>=2,6329,165784,985,19651,172113,7314,0.8653267705769757,0.03677235304712602,0.07054679619009402
2019,r=0.5km;t=1440min;n>=3,5574,148525,1740,36910,154099,7314,0.7621000820344545,0.036171552054198926,0.06906506910843613
2019,r=0.5km;t=1440min;n>=5,4300,121400,3014,64035,125700,7314,0.587913590374624,0.03420843277645187,0.06465484836182657
2019,r=1km;t=0min;n>=2,4024,145594,3290,39841,149618,7314,0.5501777413180202,0.02689515967330134,0.05128335839726761
2019,r=1km;t=0min;n>=3,3042,118930,4272,66505,121972,7314,0.4159146841673503,0.024940150198406192,0.047058459539315936
2019,r=1km;t=0min;n>=5,1985,86068,5329,99367,88053,7314,0.2713973202078206,0.022543241002577992,0.0416286556146256
2019,r=1km;t=10min;n>=2,4600,148181,2714,37254,152781,7314,0.6289308176100629,0.030108455894384774,0.057465879633967334
2019,r=1km;t=10min;n>=3,3620,121877,3694,63558,125497,7314,0.4949412086409625,0.028845311043291872,0.054513556858995116
2019,r=1km;t=10min;n>=5,2437,89019,4877,96416,91456,7314,0.3331966092425485,0.026646693491952415,0.04934696770274375
2019,r=1km;t=30min;n>=2,5433,152065,1881,33370,157498,7314,0.7428219852337982,0.034495676135569975,0.06592966531563235
2019,r=1km;t=30min;n>=3,4497,126679,2817,58756,131176,7314,0.6148482362592289,0.034282185765688845,0.06494331720701856
2019,r=1km;t=30min;n>=5,3094,93627,4220,91808,96721,7314,0.4230243368881597,0.031988916574477104,0.059479982698130436
2019,r=1km;t=60min;n>=2,5602,160880,1712,24555,166482,7314,0.7659283565764288,0.033649283406013863,0.0644663858776957
2019,r=1km;t=60min;n>=3,4944,142611,2370,42824,147555,7314,0.6759639048400328,0.033506150249059674,0.06384750983088933
2019,r=1km;t=60min;n>=5,4022,117960,3292,67475,121982,7314,0.5499042931364506,0.032972077847551275,0.062213834921420616
2019,r=1km;t=1440min;n>=2,6909,172738,405,12697,179647,7314,0.9446267432321575,0.038458755225525616,0.07390846219264981
2019,r=1km;t=1440min;n>=3,6590,162278,724,23157,168868,7314,0.9010117582718075,0.03902456356444087,0.07480900432507294
2019,r=1km;t=1440min;n>=5,6022,147245,1292,38190,153267,7314,0.8233524747060432,0.03929091063307822,0.07500264663939071
2019,r=2km;t=0min;n>=2,6119,158597,1195,26838,164716,7314,0.8366147115121685,0.03714878943150635,0.07113875486833691
2019,r=2km;t=0min;n>=3,4875,136952,2439,48483,141827,7314,0.6665299425758818,0.034372862713023616,0.06537437726714988
2019,r=2km;t=0min;n>=5,3189,111540,4125,73895,114729,7314,0.4360131255127153,0.02779593651125696,0.0522602689216096
2019,r=2km;t=10min;n>=2,6234,159599,1080,25836,165833,7314,0.85233798195242,0.037592035360875097,0.07200817802214303
2019,r=2km;t=10min;n>=3,5132,138703,2182,46732,143835,7314,0.7016680339075745,0.035679771960927455,0.0679065028547989
2019,r=2km;t=10min;n>=5,3690,114199,3624,71236,117889,7314,0.5045118949958983,0.03130063025388289,0.0589442744982149
2019,r=2km;t=30min;n>=2,6523,161325,791,24110,167848,7314,0.8918512441892261,0.03886254230017635,0.07447962457610668
2019,r=2km;t=30min;n>=3,5699,141926,1615,43509,147625,7314,0.779190593382554,0.03860457239627434,0.07356443503572374
2019,r=2km;t=30min;n>=5,4496,118569,2818,66866,123065,7314,0.6147115121684441,0.036533539186608704,0.068968162050637
2019,r=2km;t=60min;n>=2,6618,168370,696,17065,174988,7314,0.9048400328137818,0.037819736210483006,0.07260479863084332
2019,r=2km;t=60min;n>=3,5990,153718,1324,31717,159708,7314,0.8189773038009297,0.03750594835574924,0.0717270778699812
2019,r=2km;t=60min;n>=5,5034,133953,2280,51482,138987,7314,0.6882690730106645,0.03621921474670293,0.06881702790821662
2019,r=2km;t=1440min;n>=2,7079,175569,235,9866,182648,7314,0.9678698386655729,0.038757610266742584,0.07453069561280677
2019,r=2km;t=1440min;n>=3,6885,167470,429,17965,174355,7314,0.9413453650533224,0.03948840010323765,0.07579719159570428
2019,r=2km;t=1440min;n>=5,6548,155986,766,29449,162534,7314,0.895269346458846,0.04028695534472787,0.07710423437426404
2019,quoted_same_satellite,3852,145577,3462,39858,149429,7314,0.5266611977030353,0.025778128743416607,0.049150520278417535
2019,quoted_other_satellite,2800,38646,4514,146789,41446,7314,0.3828274541974296,0.06755778603484051,0.11484823625922888
2019,quoted_different_time,2544,38678,4770,146757,41222,7314,0.34782608695652173,0.0617146184076464,0.10482940497774848
2019,quoted_prior_strict,1175,19216,6139,166219,20391,7314,0.16065080667213563,0.057623461330979356,0.08482223425374481
2019,all_hotspots,7314,185435,0,0,192749,7314,1.0,0.037945722156794585,0.07311696815503116
2019,confidence>=30_only,6794,176472,520,8963,183266,7314,0.9289034727919059,0.03707179727827311,0.07129814251233078
2019,confidence>=50_only,6251,174421,1063,11014,180672,7314,0.8546622914957616,0.03459860963513992,0.0665049524964625
2019,confidence>=80_only,1850,13706,5464,171729,15556,7314,0.2529395679518731,0.11892517356646953,0.16178399650196765
2019,type0_only,7313,182928,1,2507,190241,7314,0.9998632759092152,0.0384407146724418,0.07403507883880438
2019,day_only,5066,91000,2248,94435,96066,7314,0.692644243915778,0.0527345783107447,0.09800735151866899
2019,FRP>=1_only,7312,172280,2,13155,179592,7314,0.9997265518184304,0.04071450844135596,0.07824253903031471
2019,FRP>=5_only,6715,94784,599,90651,101499,7314,0.918102269619907,0.06615828727376624,0.12342275279608135
2019,FRP>=10_only,4749,51569,2565,133866,56318,7314,0.6493027071369976,0.08432472744060514,0.14926452099572543
2019,FRP>=20_only,2604,24168,4710,161267,26772,7314,0.3560295324036095,0.0972658000896459,0.15279000176025348
2019,FRP>=50_only,905,7585,6409,177850,8490,7314,0.12373530216024063,0.10659599528857479,0.11452796760313845
2019,quoted + nominal_VIIRS_or_MODIS>=50,4855,144127,2459,41308,148982,7314,0.6637954607601859,0.03258782940220966,0.062125710190919795
2019,quoted + high_confidence_only,1305,11232,6009,174203,12537,7314,0.17842493847415913,0.104091888011486,0.13147952244219435
2019,quoted + type0,5433,151222,1881,34213,156655,7314,0.7428219852337982,0.0346813060547062,0.06626862394720953
2019,quoted + day_only,3914,71670,3400,113765,75584,7314,0.5351380913316927,0.05178344623200677,0.09442929865617988
2019,quoted + night_only,1519,80395,5795,105040,81914,7314,0.20768389390210554,0.01854383866005811,0.03404760837405299
2019,quoted + FRP>=1,5432,144177,1882,41258,149609,7314,0.7426852611430134,0.03630797612443102,0.06923140648598357
2019,quoted + FRP>=5,4921,80543,2393,104892,85464,7314,0.6728192507519825,0.05757979968173734,0.10608118303908254
2019,quoted + FRP>=10,3474,44724,3840,140711,48198,7314,0.4749794913863823,0.07207767957176646,0.1251621271076524
2019,quoted + FRP>=20,1931,20866,5383,164569,22797,7314,0.2640142193054416,0.08470412773610562,0.12825877586264156
2019,quoted + FRP>=50,666,6519,6648,178916,7185,7314,0.09105824446267433,0.09269311064718162,0.09186840471756673
2019,quality_first_then_quoted,4756,142770,2558,42665,147526,7314,0.6502597757724912,0.032238385098219975,0.061431154740377164
2023,r=0.5km;t=0min;n>=2,9556,31606,6391,27229,41162,15947,0.5992349658242929,0.23215587192070355,0.33465828503388256
2023,r=0.5km;t=0min;n>=3,4721,16220,11226,42615,20941,15947,0.29604314291089234,0.22544291103576716,0.2559639991325092
2023,r=0.5km;t=0min;n>=5,716,3080,15231,55755,3796,15947,0.0448987270332978,0.1886195995785037,0.07253203667122525
2023,r=0.5km;t=10min;n>=2,9788,32508,6159,26327,42296,15947,0.6137831567065906,0.23141668242859845,0.3361090603162612
2023,r=0.5km;t=10min;n>=3,4903,16820,11044,42015,21723,15947,0.3074559478271775,0.2257054734613083,0.2603132466153438
2023,r=0.5km;t=10min;n>=5,802,3285,15145,55550,4087,15947,0.05029159089483915,0.19623195497920234,0.0800638913846461
2023,r=0.5km;t=30min;n>=2,10117,33786,5830,25049,43903,15947,0.6344139963629523,0.23043983326879713,0.33807852965747703
2023,r=0.5km;t=30min;n>=3,5181,17788,10766,41047,22969,15947,0.32488869379820656,0.22556489181070138,0.26626580326857846
2023,r=0.5km;t=30min;n>=5,928,3698,15019,55137,4626,15947,0.05819276352919044,0.20060527453523563,0.0902153307733437
2023,r=0.5km;t=60min;n>=2,12471,40936,3476,17899,53407,15947,0.7820279676428168,0.23350871608590634,0.35963318626178736
2023,r=0.5km;t=60min;n>=3,8840,28946,7107,29889,37786,15947,0.5543362387909951,0.23394908167045997,0.3290342992202185
2023,r=0.5km;t=60min;n>=5,3696,13501,12251,45334,17197,15947,0.2317677306076378,0.21492120718730012,0.22302679217958002
2023,r=0.5km;t=1440min;n>=2,14036,46761,1911,12074,60797,15947,0.8801655483790054,0.230866654604668,0.3657875534243719
2023,r=0.5km;t=1440min;n>=3,11918,38347,4029,20488,50265,15947,0.7473505988587195,0.23710335223316423,0.3599951670392074
2023,r=0.5km;t=1440min;n>=5,8008,27446,7939,31389,35454,15947,0.5021634163165486,0.22587014159192192,0.31158926869127057
2023,r=1km;t=0min;n>=2,11860,39632,4087,19203,51492,15947,0.7437135511381451,0.23032704109376215,0.35172526283011313
2023,r=1km;t=0min;n>=3,8892,28651,7055,30184,37543,15947,0.557597040195648,0.23684841381882107,0.3324733595064498
2023,r=1km;t=0min;n>=5,5183,17727,10764,41108,22910,15947,0.32501410923684704,0.22623308598865124,0.26677303960676324
2023,r=1km;t=10min;n>=2,12084,40582,3863,18253,52666,15947,0.7577600802658807,0.22944594235370067,0.35223645664815706
2023,r=1km;t=10min;n>=3,9141,29659,6806,29176,38800,15947,0.57321126230639,0.23559278350515464,0.33393610608800484
2023,r=1km;t=10min;n>=5,5412,18424,10535,40411,23836,15947,0.33937417696118394,0.22705151871119314,0.27207601236709145
2023,r=1km;t=30min;n>=2,12436,41941,3511,16894,54377,15947,0.7798331974666082,0.22869963403644925,0.35367726522950915
2023,r=1km;t=30min;n>=3,9590,31238,6357,27597,40828,15947,0.6013670282811814,0.2348878220828843,0.33782474680757374
2023,r=1km;t=30min;n>=5,5797,19561,10150,39274,25358,15947,0.36351664889947954,0.22860635696821516,0.2806924101198402
2023,r=1km;t=60min;n>=2,13760,45832,2187,13003,59592,15947,0.8628582178466169,0.2309034769767754,0.36431512198996546
2023,r=1km;t=60min;n>=3,11672,37285,4275,21550,48957,15947,0.7319244999059384,0.23841330146863574,0.35966966596819916
2023,r=1km;t=60min;n>=5,8608,27526,7339,31309,36134,15947,0.5397880479086976,0.2382243870039298,0.33056200917801115
2023,r=1km;t=1440min;n>=2,14817,50147,1130,8688,64964,15947,0.9291402771681194,0.2280801674773721,0.36625427939340754
2023,r=1km;t=1440min;n>=3,13574,44136,2373,14699,57710,15947,0.8511945820530508,0.2352105354357997,0.3685732516936612
2023,r=1km;t=1440min;n>=5,11524,36885,4423,21950,48409,15947,0.7226437574465416,0.23805490714536554,0.3581328858226117
2023,r=2km;t=0min;n>=2,13158,43900,2789,14935,57058,15947,0.8251081708158274,0.2306074520663185,0.3604684610643107
2023,r=2km;t=0min;n>=3,10616,33581,5331,25254,44197,15947,0.6657051483037562,0.24019729845917143,0.3530194200585262
2023,r=2km;t=0min;n>=5,7500,23930,8447,34905,31430,15947,0.4703078949018624,0.23862551702195356,0.3166093251999916
2023,r=2km;t=10min;n>=2,13277,44478,2670,14357,57755,15947,0.832570389414937,0.2298848584538135,0.360288730292258
2023,r=2km;t=10min;n>=3,10805,34486,5142,24349,45291,15947,0.6775569072552832,0.2385683689916319,0.3528854632744374
2023,r=2km;t=10min;n>=5,7785,24781,8162,34054,32566,15947,0.4881795949081332,0.23905300006141375,0.320944901366644
2023,r=2km;t=30min;n>=2,13427,45254,2520,13581,58681,15947,0.8419765473129742,0.22881341490431314,0.359838130460417
2023,r=2km;t=30min;n>=3,11169,35928,4778,22907,47097,15947,0.7003825170878535,0.2371488629849035,0.3543239642154686
2023,r=2km;t=30min;n>=5,8287,26245,7660,32590,34532,15947,0.5196588700068978,0.23998030812000462,0.32833455496345015
2023,r=2km;t=60min;n>=2,14340,48639,1607,10196,62979,15947,0.8992286950523609,0.22769494593435907,0.36337835440792643
2023,r=2km;t=60min;n>=3,12900,41023,3047,17812,53923,15947,0.8089295792312033,0.23923001316692322,0.36925719192786605
2023,r=2km;t=60min;n>=5,10495,32260,5452,26575,42755,15947,0.6581175142660062,0.24546836627295054,0.35756873701066405
2023,r=2km;t=1440min;n>=2,15120,51676,827,7159,66796,15947,0.9481407161221547,0.22636085993173244,0.36546898227040353
2023,r=2km;t=1440min;n>=3,14327,46517,1620,12318,60844,15947,0.8984134947011977,0.23547104069423444,0.373142685991848
2023,r=2km;t=1440min;n>=5,12964,40317,2983,18518,53281,15947,0.8129428732676992,0.24331375161877591,0.37453053677702663
2023,quoted_same_satellite,11888,39723,4059,19112,51611,15947,0.7454693672791121,0.23033849373195636,0.3519346339441665
2023,quoted_other_satellite,2416,8576,13531,50259,10992,15947,0.15150184987771995,0.2197962154294032,0.17936820223467834
2023,quoted_different_time,2537,8723,13410,50112,11260,15947,0.15908948391546998,0.22531083481349912,0.1864961223214614
2023,quoted_prior_strict,1054,3884,14893,54951,4938,15947,0.06609393616354173,0.2134467395706764,0.10093368446253292
2023,all_hotspots,15947,58835,0,0,74782,15947,1.0,0.21324650316921184,0.3515303816861202
2023,confidence>=30_only,15010,55964,937,2871,70974,15947,0.9412428669969273,0.21148589624369488,0.3453710840878499
2023,confidence>=50_only,14820,54985,1127,3850,69805,15947,0.9293284003260801,0.21230570876011748,0.34564791491743635
2023,confidence>=80_only,792,3915,15155,54920,4707,15947,0.04966451370163667,0.1682600382409178,0.07669216616636003
2023,type0_only,14814,58544,1133,291,73358,15947,0.9289521540101586,0.2019411652444178,0.33176193942108506
2023,day_only,9521,34411,6426,24424,43932,15947,0.5970401956480843,0.2167212965492124,0.3180079827652432
2023,FRP>=1_only,14373,54573,1574,4262,68946,15947,0.9012980497899291,0.2084674963014533,0.3386144911830186
2023,FRP>=5_only,8246,29855,7701,28980,38101,15947,0.5170878535147677,0.21642476575417968,0.30513617525162817
2023,FRP>=10_only,4026,14766,11921,44069,18792,15947,0.25246127798331974,0.21424010217113665,0.23178560119750136
2023,FRP>=20_only,1635,5889,14312,52946,7524,15947,0.10252712108860601,0.21730462519936203,0.1393208640449917
2023,FRP>=50_only,410,1355,15537,57480,1765,15947,0.025710164921301813,0.23229461756373937,0.046296296296296294
2023,quoted + nominal_VIIRS_or_MODIS>=50,11637,39646,4310,19189,51283,15947,0.7297297297297297,0.22691730202991245,0.3461847389558233
2023,quoted + high_confidence_only,716,2921,15231,55914,3637,15947,0.0448987270332978,0.19686554852900742,0.07312091503267974
2023,quoted + type0,12050,41880,3897,16955,53930,15947,0.7556280178089922,0.22343778972742445,0.3448917383402264
2023,quoted + day_only,7726,22963,8221,35872,30689,15947,0.4844798394682385,0.2517514418847144,0.33133201818337765
2023,quoted + night_only,4710,18978,11237,39857,23688,15947,0.2953533579983696,0.19883485309017224,0.23766872713510787
2023,quoted + FRP>=1,11739,39753,4208,19082,51492,15947,0.7361259171003951,0.22797716150081565,0.3481368347691988
2023,quoted + FRP>=5,7068,22081,8879,36754,29149,15947,0.44321816015551513,0.24247830114240626,0.3134646088344864
2023,quoted + FRP>=10,3515,11219,12432,47616,14734,15947,0.22041763341067286,0.23856386588842135,0.22913203611355562
2023,quoted + FRP>=20,1450,4421,14497,54414,5871,15947,0.09092619301436007,0.24697666496337933,0.13291777431478596
2023,quoted + FRP>=50,358,1031,15589,57804,1389,15947,0.0224493635166489,0.257739380849532,0.04130133825565298
2023,quality_first_then_quoted,11500,39120,4447,19715,50620,15947,0.7211387721828557,0.22718293164757014,0.345516547238121
