scope,year,rule,archive_rows,listed_and_selected,unlisted_selected,listed_missed,unlisted_not_selected,selected,listed,listed_recall,listed_precision_proxy,listed_f1_proxy
regional_bbox,2019,r=1km;t=30min;n>=2,192749,5433,152065,1881,33370,157498,7314,0.7428219852337982,0.034495676135569975,0.06592966531563235
regional_bbox,2019,r=2km;t=30min;n>=2,192749,6523,161325,791,24110,167848,7314,0.8918512441892261,0.03886254230017635,0.07447962457610668
regional_bbox,2019,r=1km;t=0min;n>=2,192749,4024,145594,3290,39841,149618,7314,0.5501777413180202,0.02689515967330134,0.05128335839726761
regional_bbox,2019,quoted_same_satellite,192749,3852,145577,3462,39858,149429,7314,0.5266611977030353,0.025778128743416607,0.049150520278417535
regional_bbox,2019,quoted_other_satellite,192749,2800,38646,4514,146789,41446,7314,0.3828274541974296,0.06755778603484051,0.11484823625922888
regional_bbox,2019,quoted_different_time,192749,2544,38678,4770,146757,41222,7314,0.34782608695652173,0.0617146184076464,0.10482940497774848
regional_bbox,2019,quoted_prior_strict,192749,1175,19216,6139,166219,20391,7314,0.16065080667213563,0.057623461330979356,0.08482223425374481
regional_bbox,2019,all_hotspots,192749,7314,185435,0,0,192749,7314,1.0,0.037945722156794585,0.07311696815503116
regional_bbox,2023,r=1km;t=30min;n>=2,74782,12436,41941,3511,16894,54377,15947,0.7798331974666082,0.22869963403644925,0.35367726522950915
regional_bbox,2023,r=2km;t=30min;n>=2,74782,13427,45254,2520,13581,58681,15947,0.8419765473129742,0.22881341490431314,0.359838130460417
regional_bbox,2023,r=1km;t=0min;n>=2,74782,11860,39632,4087,19203,51492,15947,0.7437135511381451,0.23032704109376215,0.35172526283011313
regional_bbox,2023,quoted_same_satellite,74782,11888,39723,4059,19112,51611,15947,0.7454693672791121,0.23033849373195636,0.3519346339441665
regional_bbox,2023,quoted_other_satellite,74782,2416,8576,13531,50259,10992,15947,0.15150184987771995,0.2197962154294032,0.17936820223467834
regional_bbox,2023,quoted_different_time,74782,2537,8723,13410,50112,11260,15947,0.15908948391546998,0.22531083481349912,0.1864961223214614
regional_bbox,2023,quoted_prior_strict,74782,1054,3884,14893,54951,4938,15947,0.06609393616354173,0.2134467395706764,0.10093368446253292
regional_bbox,2023,all_hotspots,74782,15947,58835,0,0,74782,15947,1.0,0.21324650316921184,0.3515303816861202
within_5km_observed_footprint,2019,r=1km;t=30min;n>=2,72382,5433,56324,1881,8744,61757,7314,0.7428219852337982,0.08797383292582217,0.15731638458976996
within_5km_observed_footprint,2019,r=2km;t=30min;n>=2,72382,6523,59257,791,5811,65780,7314,0.8918512441892261,0.09916387959866221,0.17848250198374696
within_5km_observed_footprint,2019,r=1km;t=0min;n>=2,72382,4024,54918,3290,10150,58942,7314,0.5501777413180202,0.06827050320654203,0.12146824438541415
within_5km_observed_footprint,2019,quoted_same_satellite,72382,3852,54949,3462,10119,58801,7314,0.5266611977030353,0.0655090899814629,0.1165242380700295
within_5km_observed_footprint,2019,quoted_other_satellite,72382,2800,13493,4514,51575,16293,7314,0.3828274541974296,0.17185294298164855,0.23721777438895242
within_5km_observed_footprint,2019,quoted_different_time,72382,2544,13362,4770,51706,15906,7314,0.34782608695652173,0.15993964541682384,0.21912144702842376
within_5km_observed_footprint,2019,quoted_prior_strict,72382,1175,6779,6139,58289,7954,7314,0.16065080667213563,0.14772441538848377,0.15391668849882106
within_5km_observed_footprint,2019,all_hotspots,72382,7314,65068,0,0,72382,7314,1.0,0.1010472216849493,0.18354748042561736
within_5km_observed_footprint,2023,r=1km;t=30min;n>=2,21873,12436,4048,3511,1878,16484,15947,0.7798331974666082,0.7544285367629217,0.7669205389904721
within_5km_observed_footprint,2023,r=2km;t=30min;n>=2,21873,13427,4614,2520,1312,18041,15947,0.8419765473129742,0.744249210132476,0.7901023890784983
within_5km_observed_footprint,2023,r=1km;t=0min;n>=2,21873,11860,3790,4087,2136,15650,15947,0.7437135511381451,0.7578274760383387,0.750704180776656
within_5km_observed_footprint,2023,quoted_same_satellite,21873,11888,3800,4059,2126,15688,15947,0.7454693672791121,0.7577766445690974,0.7515726252568358
within_5km_observed_footprint,2023,quoted_other_satellite,21873,2416,806,13531,5120,3222,15947,0.15150184987771995,0.749844816883923,0.25207366059784025
within_5km_observed_footprint,2023,quoted_different_time,21873,2537,822,13410,5104,3359,15947,0.15908948391546998,0.7552843108067877,0.2628198487516834
within_5km_observed_footprint,2023,quoted_prior_strict,21873,1054,377,14893,5549,1431,15947,0.06609393616354173,0.7365478686233403,0.12130279663942917
within_5km_observed_footprint,2023,all_hotspots,21873,15947,5926,0,0,21873,15947,1.0,0.7290723723311846,0.8433104177683766
within_1km_observed_footprint,2019,r=1km;t=30min;n>=2,50707,5433,37636,1881,5757,43069,7314,0.7428219852337982,0.1261464162158397,0.21566798324831787
within_1km_observed_footprint,2019,r=2km;t=30min;n>=2,50707,6523,39329,791,4064,45852,7314,0.8918512441892261,0.14226206054261537,0.2453823872399654
within_1km_observed_footprint,2019,r=1km;t=0min;n>=2,50707,4024,37035,3290,6358,41059,7314,0.5501777413180202,0.09800530943276749,0.1663738035681062
within_1km_observed_footprint,2019,quoted_same_satellite,50707,3852,37075,3462,6318,40927,7314,0.5266611977030353,0.09411879688225377,0.15969818204431915
within_1km_observed_footprint,2019,quoted_other_satellite,50707,2800,8462,4514,34931,11262,7314,0.3828274541974296,0.24862369028591724,0.301464254952627
within_1km_observed_footprint,2019,quoted_different_time,50707,2544,8264,4770,35129,10808,7314,0.34782608695652173,0.23538119911176905,0.2807637126145017
within_1km_observed_footprint,2019,quoted_prior_strict,50707,1175,4215,6139,39178,5390,7314,0.16065080667213563,0.21799628942486085,0.18498110831234257
within_1km_observed_footprint,2019,all_hotspots,50707,7314,43393,0,0,50707,7314,1.0,0.1442404401759126,0.2521156133124214
within_1km_observed_footprint,2023,r=1km;t=30min;n>=2,17750,12436,1002,3511,801,13438,15947,0.7798331974666082,0.9254353326387855,0.846418240598945
within_1km_observed_footprint,2023,r=2km;t=30min;n>=2,17750,13427,1299,2520,504,14726,15947,0.8419765473129742,0.9117886730952057,0.875493104684902
within_1km_observed_footprint,2023,r=1km;t=0min;n>=2,17750,11860,931,4087,872,12791,15947,0.7437135511381451,0.9272144476585099,0.8253879880297863
within_1km_observed_footprint,2023,quoted_same_satellite,17750,11888,933,4059,870,12821,15947,0.7454693672791121,0.9272287653069183,0.8264738598442715
within_1km_observed_footprint,2023,quoted_other_satellite,17750,2416,218,13531,1585,2634,15947,0.15150184987771995,0.9172361427486713,0.2600505893116625
within_1km_observed_footprint,2023,quoted_different_time,17750,2537,216,13410,1587,2753,15947,0.15908948391546998,0.9215401380312387,0.27133689839572195
within_1km_observed_footprint,2023,quoted_prior_strict,17750,1054,118,14893,1685,1172,15947,0.06609393616354173,0.8993174061433447,0.12313803376365443
within_1km_observed_footprint,2023,all_hotspots,17750,15947,1803,0,0,17750,15947,1.0,0.8984225352112676,0.9464937531530997
