Longitude,Latitude,Tgl_Hotspot,Sumber,Satellite,Status,Region,excel_row,sheet,customer_id,year
103.102622986,-0.90571898222,2019-05-26 10:00:00,LAPAN,Unknown,Verified No fire,JAMBI SMF,102,2019,2019:102,2019
103.099830627,-0.904422342777,2019-05-26 13:00:00,LAPAN,Unknown,Verified No fire,JAMBI SMF,106,2019,2019:106,2019
103.240859985,-1.05958819389,2019-06-04 10:00:00,LAPAN,Unknown,Verified No fire,JAMBI SMF,109,2019,2019:109,2019
103.47328186,-1.06019628048,2019-06-20 13:00:00,LAPAN,Unknown,Verified No fire,JAMBI SMF,112,2019,2019:112,2019
103.108161926,-0.906693577766,2019-06-27 10:00:00,LAPAN,Unknown,Verified No fire,JAMBI SMF,118,2019,2019:118,2019
103.10610199,-0.909417450428,2019-06-27 13:00:00,LAPAN,Unknown,Verified No fire,JAMBI SMF,120,2019,2019:120,2019
103.482749939,-1.08689498901,2019-06-27 13:00:00,LAPAN,Unknown,Verified No fire,JAMBI SMF,121,2019,2019:121,2019
105.442443848,-3.00986838341,2019-07-01 13:00:00,LAPAN,Unknown,Verified No fire,SUMSEL,130,2019,2019:130,2019
103.109680176,-0.96216237545,2019-07-04 10:00:00,LAPAN,Unknown,Verified No fire,JAMBI SMF,131,2019,2019:131,2019
105.489936829,-2.92297124863,2019-07-04 10:00:00,LAPAN,Unknown,Verified No fire,SUMSEL,133,2019,2019:133,2019
103.75554657,-1.37327504158,2019-07-06 10:00:00,LAPAN,Unknown,Verified No fire,JAMBI SMF,136,2019,2019:136,2019
105.284721375,-2.74873876572,2019-07-06 10:00:00,LAPAN,Unknown,Verified No fire,SUMSEL,137,2019,2019:137,2019
105.309616089,-3.03666567802,2019-07-06 13:00:00,LAPAN,Unknown,Verified No fire,SUMSEL,139,2019,2019:139,2019
103.117301941,-0.962675273418,2019-07-11 10:00:00,LAPAN,Unknown,Verified No fire,JAMBI SMF,140,2019,2019:140,2019
105.409942627,-2.69735240936,2019-07-12 09:00:00,LAPAN,Unknown,Verified No fire,SUMSEL,142,2019,2019:142,2019
105.440704346,-3.00167798996,2019-07-13 10:00:00,LAPAN,Unknown,Verified No fire,SUMSEL,143,2019,2019:143,2019
103.103912354,-0.909143388271,2019-07-13 13:00:00,LAPAN,Unknown,Verified No fire,JAMBI SMF,144,2019,2019:144,2019
103.134140015,-0.91431337595,2019-07-13 13:00:00,LAPAN,Unknown,Verified No fire,JAMBI SMF,149,2019,2019:149,2019
102.966751099,-0.790144264698,2019-07-19 22:00:00,LAPAN,Unknown,Verified No fire,JAMBI SMF,158,2019,2019:158,2019
105.412094116,-2.69621729851,2019-07-27 10:00:00,LAPAN,Unknown,Verified No fire,SUMSEL,164,2019,2019:164,2019
105.433128357,-3.10217690468,2019-07-27 10:00:00,LAPAN,Unknown,Verified No fire,SUMSEL,165,2019,2019:165,2019
102.777870178,-1.41934514046,2019-07-28 22:00:00,LAPAN,Unknown,Fire inside Sitrep,JAMBI SMF,170,2019,2019:170,2019
101.922225952,-0.949437499046,2019-07-28 22:00:00,LAPAN,Unknown,Verified No fire,JAMBI SMF,171,2019,2019:171,2019
105.486839294,-2.93377017975,2019-07-29 10:00:00,LAPAN,Unknown,Verified No fire,SUMSEL,173,2019,2019:173,2019
103.425,-2.26,2019-07-30 16:00:00,ASMC,Unknown,Verified No fire,SUMSEL MUBA,190,2019,2019:190,2019
103.43,-2.24,2019-07-31 16:00:00,ASMC,Unknown,Verified No fire,SUMSEL MUBA,195,2019,2019:195,2019
103.43535614,-2.25265455246,2019-07-31 22:00:00,LAPAN,Unknown,Verified Fire,SUMSEL MUBA,197,2019,2019:197,2019
103.4359436,-2.25118637,2019-08-01 01:00:00,LAPAN,Unknown,Verified Fire,SUMSEL MUBA,200,2019,2019:200,2019
103.428573608,-2.24170184135,2019-08-01 11:00:00,LAPAN,Unknown,Verified No fire,SUMSEL MUBA,203,2019,2019:203,2019
102.995941162,-0.785767436028,2019-08-02 22:00:00,LAPAN,Unknown,Verified Fire,JAMBI SMF,208,2019,2019:208,2019
103.065315247,-0.76390182972,2019-08-03 13:00:00,LAPAN,Unknown,Verified Fire,JAMBI SMF,211,2019,2019:211,2019
105.759391785,-3.60672783852,2019-08-03 13:00:00,LAPAN,Unknown,Verified Fire,SUMSEL,214,2019,2019:214,2019
105.80280304,-3.60232282,2019-08-03 13:00:00,LAPAN,Unknown,Verified Fire,SUMSEL,217,2019,2019:217,2019
105.75963593,-3.60887766,2019-08-03 13:00:00,LAPAN,Unknown,Verified Fire,SUMSEL,218,2019,2019:218,2019
103.016,-0.775858,2019-08-04 01:00:00,LAPAN,Unknown,Verified Fire,JAMBI SMF,220,2019,2019:220,2019
101.8833847,-0.98727858,2019-08-04 13:00:00,LAPAN,Unknown,Verified Fire,JAMBI SMF,221,2019,2019:221,2019
103.24971771,-0.92601365,2019-08-04 13:00:00,LAPAN,Unknown,Verified No fire,JAMBI SMF,222,2019,2019:222,2019
103.01602936,-0.77012813,2019-08-04 13:00:00,LAPAN,Unknown,Verified Fire,JAMBI SMF,223,2019,2019:223,2019
105.74761963,-3.61628175,2019-08-04 13:00:00,LAPAN,Unknown,Verified Fire,SUMSEL,224,2019,2019:224,2019
103.010444641,-0.768122971058,2019-08-04 22:00:00,LAPAN,Unknown,Verified Fire,JAMBI SMF,226,2019,2019:226,2019
103.016166687,-0.768627822399,2019-08-05 01:00:00,LAPAN,Unknown,Verified Fire,JAMBI SMF,227,2019,2019:227,2019
103.014,-0.771572,2019-08-05 01:00:00,LAPAN,Unknown,Verified Fire,JAMBI SMF,228,2019,2019:228,2019
105.80812,-3.07433,2019-08-20 10:00:00,0-3085969,Unknown,Verified No fire,SUMSEL,806,2019,2019:806,2019
105.74712,-3.78447,2019-08-22 13:00:00,0-3083220,Unknown,Verified Fire,SUMSEL,898,2019,2019:898,2019
105.53147,-3.25128,2019-09-19 10:00:00,0-3082272,Unknown,Verified Fire,SUMSEL,3077,2019,2019:3077,2019
105.65232,-3.31583,2019-09-19 15:00:00,0-3083220,Unknown,Verified Fire,SUMSEL,3128,2019,2019:3128,2019
