Longitude,Latitude,Tgl_Hotspot,Sumber,Satellite,Status,Region,source_sheet,excel_row
103.11496,-2.48349,2026-06-01 00:00:00,NASA,SNPP,Verified No fire,SUMSEL MUBA,2026,629
103.1145,-2.4837,2026-06-01 00:00:00,NASA,SNPP,Verified No fire,SUMSEL MUBA,2026,630
103.798,-2.09883,2026-06-01 01:00:00,NASA,NOAA20,Verified No fire,SUMSEL MUBA,2026,631
103.80026,-2.09901,2026-06-01 01:00:00,NASA,NOAA20,Verified No fire,SUMSEL MUBA,2026,632
103.11398,-2.48342,2026-06-01 01:00:00,NASA,NOAA20,Verified No fire,SUMSEL MUBA,2026,633
104.06743,-2.0708,2026-06-01 02:00:00,NASA,SNPP,Verified No fire,SUMSEL MUBA,2026,634
105.68537,-3.96039,2026-06-01 13:00:00,NASA,NOAA20,Verified No fire,SUMSEL,2026,635
103.79866,-2.10185,2026-06-02 00:00:00,NASA,NOAA20,Verified No fire,SUMSEL MUBA,2026,636
105.57967,-3.41669,2026-06-02 13:00:00,NASA,NOAA20,Verified No fire,SUMSEL,2026,637
103.11553,-2.49672,2026-06-03 02:00:00,NASA,NOAA20,Verified No fire,SUMSEL MUBA,2026,638
103.36304,-1.02339,2026-06-04 01:00:00,NASA,SNPP,Verified No fire,JAMBI SMF,2026,639
103.36108,-1.02253,2026-06-04 01:00:00,NASA,NOAA20,Verified No fire,JAMBI SMF,2026,640
103.33421,-0.98694,2026-06-04 01:00:00,NASA,SNPP,Verified No fire,JAMBI SMF,2026,641
103.33332,-0.987,2026-06-04 01:00:00,NASA,NOAA20,Verified No fire,JAMBI SMF,2026,642
103.30809,-2.49256,2026-06-04 12:00:00,NASA,NOAA20,Verified No fire,SUMSEL MUBA,2026,643
103.31319,-2.49179,2026-06-04 12:00:00,NASA,NOAA20,Verified No fire,SUMSEL MUBA,2026,644
103.03866,-2.34162,2026-06-04 14:00:00,NASA,SNPP,Verified No fire,SUMSEL MUBA,2026,645
103.31069,-2.48875,2026-06-04 14:00:00,NASA,SNPP,Verified No fire,SUMSEL MUBA,2026,646
103.11795,-2.49926,2026-06-05 01:00:00,NASA,NOAA20,Verified No fire,SUMSEL MUBA,2026,647
103.36021,-1.02332,2026-06-05 01:00:00,NASA,SNPP,Verified No fire,JAMBI SMF,2026,648
103.38259,-1.20237,2026-06-05 01:00:00,NASA,NOAA20,Verified No fire,JAMBI SMF,2026,649
103.46028,-2.22803,2026-06-05 13:00:00,NASA,SNPP,Verified No fire,SUMSEL MUBA,2026,650
103.00149,-2.11855,2026-06-05 13:00:00,NASA,SNPP,Verified No fire,SUMSEL MUBA,2026,651
103.00037,-2.11963,2026-06-05 14:00:00,NASA,NOAA20,Verified No fire,SUMSEL MUBA,2026,652
103.00343,-2.11913,2026-06-05 14:00:00,NASA,NOAA20,Verified No fire,SUMSEL MUBA,2026,653
102.76168,-1.22101,2026-06-05 14:00:00,NASA,NOAA20,Verified No fire,JAMBI SMF,2026,654
103.79748,-2.10074,2026-06-06 00:00:00,NASA,SNPP,Verified No fire,SUMSEL MUBA,2026,655
103.26669,-1.3207,2026-06-06 00:00:00,NASA,SNPP,Verified No fire,JAMBI SMF,2026,656
103.26544,-1.32327,2026-06-06 00:00:00,NASA,SNPP,Verified No fire,JAMBI SMF,2026,657
103.33199,-0.98959,2026-06-06 00:00:00,NASA,SNPP,Verified No fire,JAMBI SMF,2026,658
103.11751,-2.49742,2026-06-06 01:00:00,NASA,NOAA20,Verified No fire,SUMSEL MUBA,2026,659
103.79971,-2.10023,2026-06-06 01:00:00,NASA,NOAA20,Verified No fire,SUMSEL MUBA,2026,660
103.26808,-1.32169,2026-06-06 01:00:00,NASA,NOAA20,Verified No fire,JAMBI SMF,2026,661
103.36336,-1.0246,2026-06-06 01:00:00,NASA,NOAA20,Verified No fire,JAMBI SMF,2026,662
103.40757,-1.15261,2026-06-06 01:00:00,NASA,NOAA20,Verified No fire,JAMBI SMF,2026,663
103.40688,-1.15672,2026-06-06 01:00:00,NASA,NOAA20,Verified No fire,JAMBI SMF,2026,664
103.35945,-1.17283,2026-06-06 01:00:00,NASA,NOAA20,Verified No fire,JAMBI SMF,2026,665
102.85174,-1.13611,2026-06-06 13:00:00,NASA,NOAA20,Verified No fire,JAMBI SMF,2026,666
102.85234,-1.13987,2026-06-06 13:00:00,NASA,NOAA20,Verified No fire,JAMBI SMF,2026,667
102.74636,-1.45871,2026-06-06 13:00:00,NASA,NOAA20,Verified No fire,JAMBI SMF,2026,668
103.00478,-2.12276,2026-06-06 13:00:00,NASA,NOAA20,Verified No fire,SUMSEL MUBA,2026,669
105.88551,-3.8628,2026-06-06 13:00:00,NASA,NOAA20,Verified No fire,SUMSEL,2026,670
105.88443,-3.86294,2026-06-06 13:00:00,NASA,NOAA20,Verified No fire,SUMSEL,2026,671
105.70449,-3.66278,2026-06-06 13:00:00,NASA,SNPP,Verified Fire,SUMSEL,2026,672
105.70794,-3.66225,2026-06-06 13:00:00,NASA,SNPP,Verified No fire,SUMSEL,2026,673
105.70757,-3.66132,2026-06-06 13:00:00,NASA,NOAA20,Verified No fire,SUMSEL,2026,674
103.35759,-1.17378,2026-06-07 02:00:00,NASA,SNPP,Verified No fire,JAMBI SMF,2026,675
103.36049,-1.02301,2026-06-07 02:00:00,NASA,SNPP,Verified No fire,JAMBI SMF,2026,676
103.33231,-0.98588,2026-06-07 02:00:00,NASA,SNPP,Verified No fire,JAMBI SMF,2026,677
103.33211,-0.98872,2026-06-07 02:00:00,NASA,SNPP,Verified No fire,JAMBI SMF,2026,678
103.32766,-2.5331,2026-06-08 15:00:00,NASA,Aqua,Verified No fire,SUMSEL MUBA,2026,679
103.79836,-2.09955,2026-06-09 01:00:00,NASA,SNPP,Verified No fire,SUMSEL MUBA,2026,680
103.33314,-0.98758,2026-06-09 01:00:00,NASA,SNPP,Verified No fire,JAMBI SMF,2026,681
103.98904,-2.17081,2026-06-11 01:00:00,NASA,NOAA20,Verified No fire,SUMSEL MUBA,2026,682
103.46513,-2.30987,2026-06-11 13:00:00,NASA,SNPP,Verified No fire,SUMSEL MUBA,2026,683
105.80038,-3.62374,2026-06-11 13:00:00,NASA,SNPP,Verified No fire,SUMSEL,2026,684
103.01656,-2.05208,2026-06-11 15:00:00,NASA,Aqua,Verified No fire,SUMSEL MUBA,2026,685
103.7971,-2.10078,2026-06-12 01:00:00,NASA,NOAA20,Verified No fire,SUMSEL MUBA,2026,686
103.11625,-2.48277,2026-06-12 01:00:00,NASA,NOAA20,Verified No fire,SUMSEL MUBA,2026,687
105.79774,-3.61603,2026-06-12 01:00:00,NASA,NOAA20,Verified Fire,SUMSEL,2026,688
103.79778,-2.09958,2026-06-12 02:00:00,NASA,SNPP,Verified No fire,SUMSEL MUBA,2026,689
103.43379,-2.30203,2026-06-12 13:00:00,NASA,SNPP,Verified No fire,SUMSEL MUBA,2026,690
103.3306,-0.98758,2026-06-13 00:00:00,NASA,NOAA20,Verified No fire,JAMBI SMF,2026,691
103.79791,-2.10082,2026-06-13 02:00:00,NASA,SNPP,Verified No fire,SUMSEL MUBA,2026,692
103.36138,-1.02371,2026-06-13 02:00:00,NASA,SNPP,Verified No fire,JAMBI SMF,2026,693
103.33335,-0.98883,2026-06-13 02:00:00,NASA,NOAA20,Verified No fire,JAMBI SMF,2026,694
103.32985,-0.98789,2026-06-13 02:00:00,NASA,SNPP,Verified No fire,JAMBI SMF,2026,695
103.51354,-2.23977,2026-06-13 13:00:00,NASA,NOAA20,Verified No fire,SUMSEL MUBA,2026,696
103.50917,-2.24042,2026-06-13 13:00:00,NASA,NOAA20,Verified No fire,SUMSEL MUBA,2026,697
105.80614,-3.33682,2026-06-13 15:00:00,NASA,Aqua,Verified No fire,SUMSEL,2026,698
103.36214,-1.02266,2026-06-14 01:00:00,NASA,SNPP,Verified No fire,JAMBI SMF,2026,699
105.81052,-3.32907,2026-06-14 14:00:00,NASA,SNPP,Verified No fire,SUMSEL,2026,700
103.79917,-2.10004,2026-06-15 01:00:00,NASA,SNPP,Verified No fire,SUMSEL MUBA,2026,701
103.80017,-2.10029,2026-06-15 01:00:00,NASA,NOAA20,Verified No fire,SUMSEL MUBA,2026,702
103.36181,-1.02418,2026-06-15 01:00:00,NASA,SNPP,Verified No fire,JAMBI SMF,2026,703
103.35929,-1.02491,2026-06-15 01:00:00,NASA,SNPP,Verified No fire,JAMBI SMF,2026,704
103.3616,-1.02237,2026-06-15 01:00:00,NASA,NOAA20,Verified No fire,JAMBI SMF,2026,705
105.28001,-2.75377,2026-06-15 01:00:00,NASA,SNPP,Verified No fire,SUMSEL,2026,706
103.56812,-2.38953,2026-06-16 13:00:00,NASA,SNPP,Verified No fire,SUMSEL MUBA,2026,707
103.32893,-0.98731,2026-06-17 00:00:00,NASA,SNPP,Verified No fire,JAMBI SMF,2026,708
103.79938,-2.10128,2026-06-17 01:00:00,NASA,NOAA20,Verified No fire,SUMSEL MUBA,2026,709
103.79837,-2.10076,2026-06-17 01:00:00,NASA,NOAA20,Verified No fire,SUMSEL MUBA,2026,710
103.33347,-0.98942,2026-06-17 01:00:00,NASA,NOAA20,Verified No fire,JAMBI SMF,2026,711
103.79703,-2.09916,2026-06-17 02:00:00,NASA,SNPP,Verified No fire,SUMSEL MUBA,2026,712
103.79665,-2.09888,2026-06-17 02:00:00,NASA,SNPP,Verified No fire,SUMSEL MUBA,2026,713
103.32938,-0.98459,2026-06-17 02:00:00,NASA,SNPP,Verified No fire,JAMBI SMF,2026,714
103.56733,-2.39098,2026-06-17 13:00:00,NASA,SNPP,Verified No fire,SUMSEL MUBA,2026,715
103.57158,-2.39035,2026-06-17 13:00:00,NASA,SNPP,Verified No fire,SUMSEL MUBA,2026,716
103.56675,-2.38887,2026-06-17 13:00:00,NASA,NOAA20,Verified No fire,SUMSEL MUBA,2026,717
103.5673,-2.39242,2026-06-17 13:00:00,NASA,NOAA20,Verified No fire,SUMSEL MUBA,2026,718
103.01559,-2.10128,2026-06-17 13:00:00,NASA,NOAA20,Verified No fire,SUMSEL MUBA,2026,719
105.61591,-3.56089,2026-06-17 13:00:00,NASA,SNPP,Verified No fire,SUMSEL,2026,720
105.61539,-3.5575,2026-06-17 13:00:00,NASA,SNPP,Verified No fire,SUMSEL,2026,721
105.61411,-3.5618,2026-06-17 13:00:00,NASA,NOAA20,Verified No fire,SUMSEL,2026,722
105.6135,-3.55788,2026-06-17 13:00:00,NASA,NOAA20,Verified No fire,SUMSEL,2026,723
103.26474,-1.32306,2026-06-18 00:00:00,NASA,NOAA20,Verified No fire,JAMBI SMF,2026,724
102.89863,-1.04907,2026-06-18 00:00:00,NASA,NOAA20,Verified No fire,JAMBI SMF,2026,725
103.79896,-2.09903,2026-06-19 01:00:00,NASA,SNPP,Verified No fire,SUMSEL MUBA,2026,726
103.38098,-1.20273,2026-06-19 01:00:00,NASA,SNPP,Verified No fire,JAMBI SMF,2026,727
103.79931,-2.10131,2026-06-19 02:00:00,NASA,NOAA20,Verified No fire,SUMSEL MUBA,2026,728
103.36222,-1.02278,2026-06-20 01:00:00,NASA,SNPP,Verified No fire,JAMBI SMF,2026,729
103.33271,-0.98751,2026-06-20 01:00:00,NASA,SNPP,Verified No fire,JAMBI SMF,2026,730
103.79923,-2.10208,2026-06-21 01:00:00,NASA,NOAA20,Verified No fire,SUMSEL MUBA,2026,731
103.11671,-2.50012,2026-06-21 01:00:00,NASA,NOAA20,Verified No fire,SUMSEL MUBA,2026,732
103.38096,-1.20384,2026-06-21 01:00:00,NASA,SNPP,Verified No fire,JAMBI SMF,2026,733
103.33926,-1.16897,2026-06-21 01:00:00,NASA,SNPP,Verified No fire,JAMBI SMF,2026,734
103.33652,-1.1687,2026-06-21 01:00:00,NASA,SNPP,Verified No fire,JAMBI SMF,2026,735
103.38279,-2.53547,2026-06-21 01:00:00,NASA,NOAA20,Verified No fire,SUMSEL MUBA,2026,736
105.28027,-2.75425,2026-06-21 01:00:00,NASA,NOAA20,Verified No fire,SUMSEL,2026,737
103.05038,-1.54324,2026-06-21 13:00:00,NASA,SNPP,Verified No fire,JAMBI SMF,2026,738
105.59063,-3.5624,2026-06-21 14:00:00,NASA,NOAA20,Fire inside Sitrep,SUMSEL,2026,739
105.58605,-3.56088,2026-06-21 14:00:00,NASA,NOAA20,Fire inside Sitrep,SUMSEL,2026,740
105.59049,-3.56015,2026-06-21 14:00:00,NASA,NOAA20,Fire inside Sitrep,SUMSEL,2026,741
105.58621,-3.56316,2026-06-21 14:00:00,NASA,NOAA20,Fire inside Sitrep,SUMSEL,2026,742
105.58092,-3.56779,2026-06-21 15:00:00,NASA,Aqua,Verified Fire,SUMSEL,2026,743
105.27878,-2.75409,2026-06-22 00:00:00,NASA,SNPP,Verified No fire,SUMSEL,2026,744
105.57629,-3.41472,2026-06-22 00:00:00,NASA,SNPP,Verified No fire,SUMSEL,2026,745
105.57893,-3.41517,2026-06-22 01:00:00,NASA,NOAA20,Verified Fire,SUMSEL,2026,746
105.575,-3.41455,2026-06-22 01:00:00,NASA,NOAA20,Verified No fire,SUMSEL,2026,747
103.37532,-2.55904,2026-06-22 13:00:00,NASA,SNPP,Verified No fire,SUMSEL MUBA,2026,748
103.33389,-0.98458,2026-06-24 02:00:00,NASA,NOAA20,Verified No fire,JAMBI SMF,2026,749
103.80136,-2.10068,2026-06-26 01:00:00,NASA,NOAA20,Verified No fire,SUMSEL MUBA,2026,750
103.36147,-1.0245,2026-06-26 01:00:00,NASA,SNPP,Verified No fire,JAMBI SMF,2026,751
103.33922,-1.16851,2026-06-26 01:00:00,NASA,NOAA20,Verified No fire,JAMBI SMF,2026,752
103.07853,-2.12262,2026-06-26 14:00:00,NASA,NOAA20,Verified No fire,SUMSEL MUBA,2026,753
103.2654,-1.32077,2026-06-27 01:00:00,NASA,SNPP,Verified No fire,JAMBI SMF,2026,754
103.26766,-1.32358,2026-06-27 01:00:00,NASA,NOAA20,Verified No fire,JAMBI SMF,2026,755
103.33281,-0.9891,2026-06-27 01:00:00,NASA,NOAA20,Verified No fire,JAMBI SMF,2026,756
103.33805,-1.16733,2026-06-27 01:00:00,NASA,NOAA20,Verified No fire,JAMBI SMF,2026,757
103.35948,-1.02525,2026-06-27 01:00:00,NASA,SNPP,Verified No fire,JAMBI SMF,2026,758
103.36089,-1.02206,2026-06-27 01:00:00,NASA,SNPP,Verified No fire,JAMBI SMF,2026,759
103.33065,-0.98572,2026-06-27 01:00:00,NASA,SNPP,Verified No fire,JAMBI SMF,2026,760
105.28071,-2.7532,2026-06-27 01:00:00,NASA,NOAA20,Verified No fire,SUMSEL,2026,761
103.65069,-2.37129,2026-06-27 13:00:00,NASA,SNPP,Verified No fire,SUMSEL MUBA,2026,762
103.51261,-1.23117,2026-06-27 13:00:00,NASA,NOAA20,Verified Fire,JAMBI SMF,2026,763
103.26718,-1.32044,2026-06-28 01:00:00,NASA,NOAA20,Verified No fire,JAMBI SMF,2026,764
103.33908,-1.16671,2026-06-28 01:00:00,NASA,NOAA20,Verified No fire,JAMBI SMF,2026,765
103.33202,-0.98697,2026-06-28 01:00:00,NASA,NOAA20,Verified No fire,JAMBI SMF,2026,766
103.16106,-2.31999,2026-06-28 13:00:00,NASA,SNPP,Verified No fire,SUMSEL MUBA,2026,767
103.16323,-2.32091,2026-06-28 13:00:00,NASA,NOAA20,Verified No fire,SUMSEL MUBA,2026,768
103.51189,-2.23805,2026-06-29 13:00:00,NASA,SNPP,Verified No fire,SUMSEL MUBA,2026,769
103.25195,-2.48415,2026-06-29 13:00:00,NASA,NOAA20,Verified No fire,SUMSEL MUBA,2026,770
105.89562,-3.85739,2026-06-29 13:00:00,NASA,NOAA20,Verified No fire,SUMSEL,2026,771
105.4518,-3.66551,2026-06-29 13:00:00,NASA,NOAA20,Verified No fire,SUMSEL,2026,772
105.28048,-2.753,2026-07-01 01:00:00,NASA,SNPP,Verified No fire,SUMSEL,2026,773
103.32671,-1.06014,2026-07-01 08:00:00,NASA,Aqua,Verified No fire,JAMBI SMF,2026,774
103.35708,-1.17401,2026-07-02 01:00:00,NASA,SNPP,Verified No fire,JAMBI SMF,2026,775
103.36031,-1.02579,2026-07-02 01:00:00,NASA,SNPP,Verified No fire,JAMBI SMF,2026,776
103.32965,-0.98943,2026-07-02 01:00:00,NASA,SNPP,Verified No fire,JAMBI SMF,2026,777
103.3614,-1.02557,2026-07-02 01:00:00,NASA,NOAA20,Verified No fire,JAMBI SMF,2026,778
105.78309,-3.34262,2026-07-02 13:00:00,NASA,SNPP,Verified No fire,SUMSEL,2026,779
103.46677,-2.3163,2026-07-03 20:00:00,NASA,Aqua,Verified No fire,SUMSEL MUBA,2026,780
105.4563,-2.45686,2026-07-04 13:00:00,NASA,NOAA20,Verified No fire,SUMSEL,2026,781
103.35942,-1.17543,2026-07-05 01:00:00,NASA,SNPP,Verified No fire,JAMBI SMF,2026,782
103.36129,-1.02415,2026-07-05 01:00:00,NASA,SNPP,Verified No fire,JAMBI SMF,2026,783
103.33343,-0.98768,2026-07-05 01:00:00,NASA,SNPP,Verified No fire,JAMBI SMF,2026,784
103.38187,-1.2017,2026-07-05 02:00:00,NASA,NOAA20,Verified No fire,JAMBI SMF,2026,785
103.49144,-1.17542,2026-07-05 02:00:00,NASA,NOAA20,Verified No fire,JAMBI SMF,2026,786
103.38098,-1.203,2026-07-06 01:00:00,NASA,SNPP,Verified No fire,JAMBI SMF,2026,787
103.38136,-2.53568,2026-07-07 01:00:00,NASA,NOAA20,Verified No fire,SUMSEL MUBA,2026,788
103.45788,-2.4378,2026-07-07 13:00:00,NASA,SNPP,Verified No fire,SUMSEL MUBA,2026,789
105.58102,-3.56023,2026-07-07 13:00:00,NASA,SNPP,Fire inside Sitrep,SUMSEL,2026,790
105.58612,-3.5594,2026-07-07 13:00:00,NASA,SNPP,Fire inside Sitrep,SUMSEL,2026,791
105.58166,-3.5642,2026-07-07 13:00:00,NASA,SNPP,Fire inside Sitrep,SUMSEL,2026,792
105.59182,-3.56255,2026-07-07 13:00:00,NASA,SNPP,Fire inside Sitrep,SUMSEL,2026,793
105.58856,-3.56123,2026-07-07 13:00:00,NASA,SNPP,Verified Fire,SUMSEL,2026,794
105.58674,-3.56337,2026-07-07 13:00:00,NASA,SNPP,Fire inside Sitrep,SUMSEL,2026,795
105.58347,-3.56202,2026-07-07 13:00:00,NASA,SNPP,Fire inside Sitrep,SUMSEL,2026,796
103.01513,-2.09999,2026-07-07 14:00:00,NASA,NOAA20,Verified No fire,SUMSEL MUBA,2026,797
105.59045,-3.56261,2026-07-07 14:00:00,NASA,NOAA20,Fire inside Sitrep,SUMSEL,2026,798
105.5873,-3.56096,2026-07-07 14:00:00,NASA,NOAA20,Fire inside Sitrep,SUMSEL,2026,799
105.58598,-3.56338,2026-07-07 14:00:00,NASA,NOAA20,Fire inside Sitrep,SUMSEL,2026,800
103.53132,-2.25818,2026-07-07 15:00:00,NASA,Aqua,Verified No fire,SUMSEL MUBA,2026,801
105.58495,-3.56822,2026-07-07 15:00:00,NASA,Aqua,Fire inside Sitrep,SUMSEL,2026,802
105.57885,-3.56457,2026-07-07 15:00:00,NASA,Aqua,Fire inside Sitrep,SUMSEL,2026,803
105.82433,-3.59228,2026-07-10 00:00:00,NASA,NOAA20,Verified Fire,SUMSEL,2026,804
103.48843,-2.25757,2026-07-10 13:00:00,NASA,NOAA20,Verified No fire,SUMSEL MUBA,2026,805
103.51753,-2.28222,2026-07-10 13:00:00,NASA,NOAA20,Verified No fire,SUMSEL MUBA,2026,806
103.36185,-1.02444,2026-07-11 01:00:00,NASA,NOAA20,Verified No fire,JAMBI SMF,2026,807
103.33159,-0.98499,2026-07-11 01:00:00,NASA,NOAA20,Verified No fire,JAMBI SMF,2026,808
103.36156,-1.02556,2026-07-12 01:00:00,NASA,NOAA20,Verified No fire,JAMBI SMF,2026,809
103.36031,-1.17445,2026-07-12 01:00:00,NASA,NOAA20,Verified No fire,JAMBI SMF,2026,810
102.88941,-1.04253,2026-07-12 01:00:00,NASA,NOAA20,Verified No fire,JAMBI SMF,2026,811
103.17236,-2.50078,2026-07-12 01:00:00,NASA,NOAA20,Verified No fire,SUMSEL MUBA,2026,812
105.28903,-2.75799,2026-07-12 12:00:00,NASA,NOAA20,Verified Fire,SUMSEL,2026,813
105.2877,-2.75681,2026-07-12 12:00:00,NASA,NOAA20,Fire inside Sitrep,SUMSEL,2026,814
103.4529,-2.41267,2026-07-12 14:00:00,NASA,NOAA20,Verified No fire,SUMSEL MUBA,2026,815
103.02366,-2.13845,2026-07-12 14:00:00,NASA,NOAA20,Verified No fire,SUMSEL MUBA,2026,816
103.02419,-2.13867,2026-07-12 14:00:00,NASA,NOAA20,Verified No fire,SUMSEL MUBA,2026,817
103.46505,-2.30955,2026-07-12 15:00:00,NASA,Aqua,Verified No fire,SUMSEL MUBA,2026,818
103.46155,-2.42878,2026-07-12 15:00:00,NASA,Aqua,Verified No fire,SUMSEL MUBA,2026,819
103.07943,-2.13671,2026-07-12 15:00:00,NASA,Aqua,Verified No fire,SUMSEL MUBA,2026,820
105.62119,-3.50097,2026-07-13 20:00:00,NASA,Aqua,Verified No fire,SUMSEL,2026,821
103.36051,-1.02465,2026-07-14 01:00:00,NASA,NOAA20,Verified No fire,JAMBI SMF,2026,822
103.33889,-1.16557,2026-07-14 01:00:00,NASA,NOAA20,Verified No fire,JAMBI SMF,2026,823
103.33064,-0.98559,2026-07-14 01:00:00,NASA,NOAA20,Verified No fire,JAMBI SMF,2026,824
103.33365,-0.98606,2026-07-14 01:00:00,NASA,NOAA20,Verified No fire,JAMBI SMF,2026,825
102.77571,-1.23624,2026-07-14 13:00:00,NASA,NOAA20,Verified No fire,JAMBI SMF,2026,826
103.05857,-2.09782,2026-07-14 15:00:00,NASA,Aqua,Verified No fire,SUMSEL MUBA,2026,827
103.36015,-1.02537,2026-07-15 02:00:00,NASA,NOAA20,Verified No fire,JAMBI SMF,2026,828
105.26717,-2.8988,2026-07-15 13:00:00,NASA,NOAA20,Fire inside Sitrep,SUMSEL,2026,829
105.26768,-2.90222,2026-07-15 13:00:00,NASA,NOAA20,Fire inside Sitrep,SUMSEL,2026,830
105.27085,-2.89824,2026-07-15 13:00:00,NASA,NOAA20,Verified Fire,SUMSEL,2026,831
105.42751,-3.33684,2026-07-15 13:00:00,NASA,NOAA20,Verified No fire,SUMSEL,2026,832
104.03084,-2.01651,2026-07-15 15:00:00,NASA,Aqua,Verified Fire,SUMSEL MUBA,2026,833
105.43153,-3.3372,2026-07-15 15:00:00,NASA,Aqua,Verified No fire,SUMSEL,2026,834
103.43997,-2.20462,2026-07-16 13:00:00,NASA,NOAA20,Verified No fire,SUMSEL MUBA,2026,835
103.4416,-2.20868,2026-07-16 13:00:00,NASA,NOAA20,Verified No fire,SUMSEL MUBA,2026,836
105.61938,-3.56198,2026-07-16 13:00:00,NASA,NOAA20,Verified Fire,SUMSEL,2026,837
105.64655,-3.41743,2026-07-17 12:00:00,NASA,NOAA20,Fire inside Sitrep,SUMSEL,2026,838
102.00507,-1.13384,2026-07-17 14:00:00,NASA,SNPP,Verified No fire,JAMBI SMF,2026,839
102.76643,-1.00252,2026-07-17 14:00:00,NASA,SNPP,Verified No fire,JAMBI SMF,2026,840
105.64939,-3.41987,2026-07-17 14:00:00,NASA,SNPP,Fire inside Sitrep,SUMSEL,2026,841
105.6447,-3.42696,2026-07-17 15:00:00,NASA,Aqua,Verified No fire,SUMSEL,2026,842
105.64339,-3.41815,2026-07-17 15:00:00,NASA,Aqua,Verified Fire,SUMSEL,2026,843
103.11697,-2.49779,2026-07-18 01:00:00,NASA,NOAA20,Verified No fire,SUMSEL MUBA,2026,844
104.06715,-2.06882,2026-07-18 01:00:00,NASA,SNPP,Verified No fire,SUMSEL MUBA,2026,845
103.34048,-1.16891,2026-07-18 01:00:00,NASA,NOAA20,Verified No fire,JAMBI SMF,2026,846
103.33982,-1.16942,2026-07-18 01:00:00,NASA,NOAA20,Verified No fire,JAMBI SMF,2026,847
103.33345,-0.98909,2026-07-18 01:00:00,NASA,NOAA20,Verified No fire,JAMBI SMF,2026,848
103.36229,-1.02542,2026-07-18 01:00:00,NASA,NOAA20,Verified No fire,JAMBI SMF,2026,849
103.36031,-1.02277,2026-07-18 01:00:00,NASA,SNPP,Verified No fire,JAMBI SMF,2026,850
103.33012,-0.98889,2026-07-18 01:00:00,NASA,SNPP,Verified No fire,JAMBI SMF,2026,851
103.36084,-1.02517,2026-07-18 01:00:00,NASA,SNPP,Verified No fire,JAMBI SMF,2026,852
105.95809,-3.84545,2026-07-18 01:00:00,NASA,NOAA20,Verified No fire,SUMSEL,2026,853
103.83402,-2.02513,2026-07-18 13:00:00,NASA,SNPP,Verified No fire,SUMSEL MUBA,2026,854
103.86565,-1.86698,2026-07-18 13:00:00,NASA,SNPP,Verified No fire,SUMSEL MUBA,2026,855
102.76688,-1.01161,2026-07-18 13:00:00,NASA,SNPP,Verified No fire,JAMBI SMF,2026,856
102.76295,-1.00879,2026-07-18 13:00:00,NASA,SNPP,Verified No fire,JAMBI SMF,2026,857
103.49332,-2.273,2026-07-18 14:00:00,NASA,NOAA20,Verified No fire,SUMSEL MUBA,2026,858
103.86137,-1.86622,2026-07-18 14:00:00,NASA,NOAA20,Verified No fire,SUMSEL MUBA,2026,859
102.76593,-1.01403,2026-07-18 14:00:00,NASA,NOAA20,Verified No fire,JAMBI SMF,2026,860
102.76849,-1.01141,2026-07-18 14:00:00,NASA,NOAA20,Verified No fire,JAMBI SMF,2026,861
103.48912,-2.27561,2026-07-18 20:00:00,NASA,Aqua,Verified No fire,SUMSEL MUBA,2026,862
102.82947,-1.19646,2026-07-18 20:00:00,NASA,Aqua,Verified No fire,JAMBI SMF,2026,863
103.48086,-2.31178,2026-07-19 00:00:00,NASA,SNPP,Verified No fire,SUMSEL MUBA,2026,864
104.06541,-2.07191,2026-07-19 00:00:00,NASA,SNPP,Verified No fire,SUMSEL MUBA,2026,865
103.32953,-0.98767,2026-07-19 00:00:00,NASA,SNPP,Verified No fire,JAMBI SMF,2026,866
103.36026,-1.02251,2026-07-19 01:00:00,NASA,NOAA20,Verified No fire,JAMBI SMF,2026,867
103.33286,-0.98536,2026-07-19 01:00:00,NASA,NOAA20,Verified No fire,JAMBI SMF,2026,868
103.47983,-2.31211,2026-07-19 02:00:00,NASA,SNPP,Verified No fire,SUMSEL MUBA,2026,869
104.06696,-2.07114,2026-07-19 02:00:00,NASA,SNPP,Verified No fire,SUMSEL MUBA,2026,870
103.46607,-2.30517,2026-07-19 13:00:00,NASA,SNPP,Verified No fire,SUMSEL MUBA,2026,871
103.06177,-2.30209,2026-07-19 13:00:00,NASA,NOAA20,Verified No fire,SUMSEL MUBA,2026,872
103.33149,-0.98948,2026-07-19 13:00:00,NASA,SNPP,Verified No fire,JAMBI SMF,2026,873
103.27742,-2.49276,2026-07-19 13:00:00,NASA,NOAA20,Verified Fire,SUMSEL MUBA,2026,874
105.5741,-3.69557,2026-07-19 13:00:00,NASA,SNPP,Verified Fire,SUMSEL,2026,875
105.57361,-3.69216,2026-07-19 13:00:00,NASA,SNPP,Verified Fire,SUMSEL,2026,876
105.73548,-3.63256,2026-07-19 13:00:00,NASA,SNPP,Fire inside Sitrep,SUMSEL,2026,877
105.73186,-3.63311,2026-07-19 13:00:00,NASA,SNPP,Fire inside Sitrep,SUMSEL,2026,878
105.72824,-3.63366,2026-07-19 13:00:00,NASA,SNPP,Fire inside Sitrep,SUMSEL,2026,879
105.7391,-3.63201,2026-07-19 13:00:00,NASA,SNPP,Fire inside Sitrep,SUMSEL,2026,880
105.73238,-3.63651,2026-07-19 13:00:00,NASA,SNPP,Fire inside Sitrep,SUMSEL,2026,881
105.72875,-3.63706,2026-07-19 13:00:00,NASA,SNPP,Fire inside Sitrep,SUMSEL,2026,882
105.73962,-3.63541,2026-07-19 13:00:00,NASA,SNPP,Fire inside Sitrep,SUMSEL,2026,883
105.73599,-3.63596,2026-07-19 13:00:00,NASA,SNPP,Verified Fire,SUMSEL,2026,884
105.73028,-3.63588,2026-07-19 13:00:00,NASA,NOAA20,Fire inside Sitrep,SUMSEL,2026,885
103.33216,-0.98566,2026-07-20 00:00:00,NASA,NOAA20,Verified No fire,JAMBI SMF,2026,886
105.74242,-3.63688,2026-07-20 00:00:00,NASA,NOAA20,Fire inside Sitrep,SUMSEL,2026,887
105.74548,-3.6339,2026-07-20 00:00:00,NASA,NOAA20,Fire inside Sitrep,SUMSEL,2026,888
105.74551,-3.63739,2026-07-20 00:00:00,NASA,NOAA20,Fire inside Sitrep,SUMSEL,2026,889
105.74023,-3.63123,2026-07-20 00:00:00,NASA,NOAA20,Fire inside Sitrep,SUMSEL,2026,890
105.74331,-3.63173,2026-07-20 00:00:00,NASA,NOAA20,Fire inside Sitrep,SUMSEL,2026,891
105.74241,-3.63336,2026-07-20 00:00:00,NASA,NOAA20,Fire inside Sitrep,SUMSEL,2026,892
105.73994,-3.62876,2026-07-20 02:00:00,NASA,SNPP,Fire inside Sitrep,SUMSEL,2026,893
105.73967,-3.6304,2026-07-20 02:00:00,NASA,SNPP,Fire inside Sitrep,SUMSEL,2026,894
103.36227,-1.02474,2026-07-22 01:00:00,NASA,NOAA20,Verified No fire,JAMBI SMF,2026,895
103.36259,-1.02448,2026-07-22 01:00:00,NASA,SNPP,Verified No fire,JAMBI SMF,2026,896
103.3314,-0.98588,2026-07-22 01:00:00,NASA,NOAA20,Verified No fire,JAMBI SMF,2026,897
101.98607,-1.12998,2026-07-22 14:00:00,NASA,NOAA20,Verified No fire,JAMBI SMF,2026,898
103.79515,-2.1021,2026-07-24 00:00:00,NASA,SNPP,Verified No fire,SUMSEL MUBA,2026,899
103.79704,-2.10103,2026-07-24 00:00:00,NASA,SNPP,Verified No fire,SUMSEL MUBA,2026,900
103.32909,-0.98658,2026-07-24 00:00:00,NASA,SNPP,Verified No fire,JAMBI SMF,2026,901
103.80035,-2.10238,2026-07-24 01:00:00,NASA,NOAA20,Verified No fire,SUMSEL MUBA,2026,902
103.36224,-1.02423,2026-07-24 01:00:00,NASA,NOAA20,Verified No fire,JAMBI SMF,2026,903
103.33993,-1.16668,2026-07-24 01:00:00,NASA,NOAA20,Verified No fire,JAMBI SMF,2026,904
103.33102,-0.98559,2026-07-24 01:00:00,NASA,NOAA20,Verified No fire,JAMBI SMF,2026,905
103.79755,-2.10095,2026-07-25 00:00:00,NASA,NOAA20,Verified No fire,SUMSEL MUBA,2026,906
105.89631,-3.85702,2026-07-25 00:00:00,NASA,NOAA20,Verified No fire,SUMSEL,2026,907
103.33208,-0.98619,2026-07-25 02:00:00,NASA,SNPP,Verified No fire,JAMBI SMF,2026,908
103.03316,-1.56381,2026-07-25 15:00:00,NASA,Aqua,Verified No fire,JAMBI SMF,2026,909
103.97539,-1.82226,2026-07-26 13:00:00,NASA,NOAA20,Fire inside Sitrep,SUMSEL MUBA,2026,910
103.97481,-1.81836,2026-07-26 13:00:00,NASA,NOAA20,Verified Fire,SUMSEL MUBA,2026,911
103.06904,-2.32122,2026-07-26 14:00:00,NASA,SNPP,Verified No fire,SUMSEL MUBA,2026,912
103.96763,-1.80936,2026-07-26 21:00:00,NASA,Aqua,Fire inside Sitrep,SUMSEL MUBA,2026,913
103.96916,-1.82001,2026-07-26 21:00:00,NASA,Aqua,Fire inside Sitrep,SUMSEL MUBA,2026,914
103.97455,-1.821,2026-07-27 01:00:00,NASA,SNPP,Fire inside Sitrep,SUMSEL MUBA,2026,915
103.97507,-1.81768,2026-07-27 01:00:00,NASA,SNPP,Fire inside Sitrep,SUMSEL MUBA,2026,916
103.96818,-1.81659,2026-07-27 01:00:00,NASA,SNPP,Fire inside Sitrep,SUMSEL MUBA,2026,917
103.96525,-1.81273,2026-07-27 01:00:00,NASA,SNPP,Fire inside Sitrep,SUMSEL MUBA,2026,918
103.96473,-1.81604,2026-07-27 01:00:00,NASA,SNPP,Fire inside Sitrep,SUMSEL MUBA,2026,919
103.97163,-1.81714,2026-07-27 01:00:00,NASA,SNPP,Fire inside Sitrep,SUMSEL MUBA,2026,920
103.9687,-1.81327,2026-07-27 01:00:00,NASA,SNPP,Fire inside Sitrep,SUMSEL MUBA,2026,921
103.96651,-1.81258,2026-07-27 01:00:00,NASA,NOAA20,Fire inside Sitrep,SUMSEL MUBA,2026,922
103.97031,-1.81776,2026-07-27 01:00:00,NASA,NOAA20,Fire inside Sitrep,SUMSEL MUBA,2026,923
103.11764,-2.48719,2026-07-27 01:00:00,NASA,SNPP,Verified No fire,SUMSEL MUBA,2026,924
103.11793,-2.48787,2026-07-27 01:00:00,NASA,NOAA20,Verified No fire,SUMSEL MUBA,2026,925
103.36234,-1.023,2026-07-27 01:00:00,NASA,SNPP,Verified No fire,JAMBI SMF,2026,926
103.36124,-1.02462,2026-07-27 01:00:00,NASA,NOAA20,Verified No fire,JAMBI SMF,2026,927
103.38202,-2.53596,2026-07-27 01:00:00,NASA,SNPP,Verified No fire,SUMSEL MUBA,2026,928
103.33246,-0.98761,2026-07-27 01:00:00,NASA,SNPP,Verified No fire,JAMBI SMF,2026,929
103.96759,-1.81721,2026-07-27 15:00:00,NASA,Aqua,Fire inside Sitrep,SUMSEL MUBA,2026,930
103.97339,-1.8164,2026-07-28 01:00:00,NASA,NOAA20,Fire inside Sitrep,SUMSEL MUBA,2026,931
103.96603,-1.81525,2026-07-28 01:00:00,NASA,NOAA20,Fire inside Sitrep,SUMSEL MUBA,2026,932
103.9697,-1.81582,2026-07-28 01:00:00,NASA,NOAA20,Fire inside Sitrep,SUMSEL MUBA,2026,933
103.96989,-1.81599,2026-07-28 01:00:00,NASA,SNPP,Fire inside Sitrep,SUMSEL MUBA,2026,934
103.11666,-2.49806,2026-07-28 01:00:00,NASA,NOAA20,Verified No fire,SUMSEL MUBA,2026,935
103.11822,-2.48802,2026-07-28 01:00:00,NASA,NOAA20,Verified No fire,SUMSEL MUBA,2026,936
103.26694,-1.32227,2026-07-28 01:00:00,NASA,NOAA20,Verified No fire,JAMBI SMF,2026,937
103.36024,-1.0246,2026-07-28 01:00:00,NASA,NOAA20,Verified No fire,JAMBI SMF,2026,938
103.33385,-0.98622,2026-07-28 01:00:00,NASA,NOAA20,Verified No fire,JAMBI SMF,2026,939
105.26752,-3.12114,2026-07-28 01:00:00,NASA,SNPP,Fire inside Sitrep,SUMSEL,2026,940
105.26595,-3.12051,2026-07-28 01:00:00,NASA,NOAA20,Verified Fire,SUMSEL,2026,941
103.35988,-2.522,2026-07-28 13:00:00,NASA,SNPP,Verified No fire,SUMSEL MUBA,2026,942
103.05766,-2.14245,2026-07-28 13:00:00,NASA,SNPP,Verified No fire,SUMSEL MUBA,2026,943
105.58059,-3.44939,2026-07-28 14:00:00,NASA,NOAA20,Fire inside Sitrep,SUMSEL,2026,944
105.57762,-3.44685,2026-07-28 14:00:00,NASA,NOAA20,Fire inside Sitrep,SUMSEL,2026,945
105.58338,-3.44584,2026-07-28 14:00:00,NASA,NOAA20,Fire inside Sitrep,SUMSEL,2026,946
105.57957,-3.44273,2026-07-28 14:00:00,NASA,NOAA20,Verified Fire,SUMSEL,2026,947
103.97211,-1.81663,2026-07-29 01:00:00,NASA,NOAA20,Fire inside Sitrep,SUMSEL MUBA,2026,948
103.79765,-2.10245,2026-07-29 01:00:00,NASA,SNPP,Verified No fire,SUMSEL MUBA,2026,949
103.79808,-2.09995,2026-07-29 01:00:00,NASA,NOAA20,Verified No fire,SUMSEL MUBA,2026,950
105.87611,-3.86733,2026-07-29 01:00:00,NASA,SNPP,Verified No fire,SUMSEL,2026,953
105.87666,-3.86456,2026-07-29 01:00:00,NASA,NOAA20,Verified No fire,SUMSEL,2026,954
